<?xml version="1.0" encoding="utf-8"?>
<edmx:Edmx Version="4.0" xmlns:edmx="http://docs.oasis-open.org/odata/ns/edmx">
    <edmx:Reference Uri="https://sap.github.io/odata-vocabularies/vocabularies/Common.xml">
        <edmx:Include Alias="Common" Namespace="com.sap.vocabularies.Common.v1"/>
    </edmx:Reference>
    <edmx:Reference Uri="https://oasis-tcs.github.io/odata-vocabularies/vocabularies/Org.OData.Core.V1.xml">
        <edmx:Include Alias="Core" Namespace="Org.OData.Core.V1"/>
    </edmx:Reference>
    <edmx:Reference Uri="https://sap.github.io/odata-vocabularies/vocabularies/UI.xml">
        <edmx:Include Alias="UI" Namespace="com.sap.vocabularies.UI.v1"/>
    </edmx:Reference>
    <edmx:DataServices>
        <Schema Namespace="MyService" xmlns="http://docs.oasis-open.org/odata/ns/edm">
            <EntityContainer Name="EntityContainer">
                <EntitySet Name="tbl" EntityType="MyService.tbl"/>
                <EntitySet Name="tbl2" EntityType="MyService.tbl2"/>
            </EntityContainer>
            <EntityType Name="tbl">
                <Property Name="ID" Type="Edm.Int32"/>
                <Property Name="Name" Type="Edm.String" MaxLength="30"/>
                <Property Name="Address" Type="Edm.String" MaxLength="40"/>
            </EntityType>
            <EntityType Name="tbl2">
                <Property Name="ID" Type="Edm.Int32"/>
                <Property Name="Name" Type="Edm.String" MaxLength="30"/>
                <Property Name="Address" Type="Edm.String" MaxLength="40"/>
            </EntityType>
            <Annotations Target="MyService.tbl">
                <Annotation Term="UI.LineItem">
                    <Collection>
                        <Record Type="UI.DataField">
                            <PropertyValue Property="Label" String="ID"/>
                            <PropertyValue Property="Value" String="ID"/>
                        </Record>
                        <Record Type="UI.DataField">
                            <PropertyValue Property="Label" String="Name"/>
                            <PropertyValue Property="Value" String="Name"/>
                        </Record>
                        <Record Type="UI.DataField">
                            <PropertyValue Property="Label" String="Address"/>
                            <PropertyValue Property="Value" String="Address"/>
                        </Record>
                    </Collection>
                </Annotation>
            </Annotations>
            <Annotations Target="MyService.tbl2">
                <Annotation Term="UI.LineItem">
                    <Collection>
                        <Record Type="UI.DataField">
                            <PropertyValue Property="Label" String="ID"/>
                            <PropertyValue Property="Value" String="ID"/>
                        </Record>
                        <Record Type="UI.DataField">
                            <PropertyValue Property="Label" String="Name"/>
                            <PropertyValue Property="Value" String="Name"/>
                        </Record>
                        <Record Type="UI.DataField">
                            <PropertyValue Property="Label" String="Address"/>
                            <PropertyValue Property="Value" String="Address"/>
                        </Record>
                    </Collection>
                </Annotation>
            </Annotations>
        </Schema>
    </edmx:DataServices>
</edmx:Edmx>